keypoints/0,keypoints/1,keypoints/3,keypoints/4,keypoints/6,keypoints/7,keypoints/9,keypoints/10,keypoints/12,keypoints/13,keypoints/15,keypoints/16,keypoints/18,keypoints/19,keypoints/21,keypoints/22,keypoints/24,keypoints/25,keypoints/27,keypoints/28,keypoints/30,keypoints/31,keypoints/33,keypoints/34,keypoints/36,keypoints/37,keypoints/39,keypoints/40,keypoints/42,keypoints/43,keypoints/45,keypoints/46,keypoints/48,keypoints/49,predict
462.2169494628906,73.59225463867188,473.0809631347656,73.59225463867188,467.6489562988281,62.72823715209961,478.5129699707031,79.02426147460938,467.6489562988281,46.43221282958984,429.6249084472656,57.29622650146485,424.1929016113281,46.43221282958984,386.1688537597656,122.4803237915039,375.3048400878906,133.34432983398438,435.0569152832031,106.18429565429688,429.6249084472656,133.34432983398438,310.1207275390625,89.88827514648438,299.2567138671875,68.16024017333984,250.3686370849609,138.77635192871094,234.07261657714844,133.34432983398438,174.32052612304688,100.75228881835938,125.43245697021484,171.36839294433594,1
452.94525146484375,51.88007354736328,463.7524108886719,51.88007354736328,458.3488159179688,41.07292175292969,469.1559753417969,68.09080505371094,458.3488159179688,30.265766143798828,442.1380920410156,95.1086883544922,420.5237731933594,19.4586124420166,371.8916015625,105.91584777832033,371.8916015625,100.51226806640624,415.1202087402344,122.12657928466795,420.5237731933594,132.93373107910156,323.2593994140625,89.70511627197266,307.0486755371094,46.47649765014648,253.0128936767578,132.93373107910156,236.8021545410156,100.51226806640624,171.959228515625,78.89796447753906,123.32704162597656,132.93373107910156,1
457.0933532714844,32.61998748779297,462.1851196289063,42.80350112915039,467.27685546875,27.52823257446289,462.1851196289063,52.98701095581055,457.0933532714844,17.3447208404541,416.35931396484375,47.89525604248047,416.35931396484375,12.25296401977539,365.4417419433594,63.17052459716797,360.3500061035156,42.80350112915039,426.5428161621094,108.99632263183594,411.2675476074219,103.90457153320312,319.6159362792969,83.53754425048828,304.3406677246094,42.80350112915039,238.1478576660156,144.63861083984375,238.1478576660156,83.53754425048828,161.77151489257812,93.72106170654295,146.49624633789062,108.99632263183594,1
449.8395385742188,31.8642578125,459.5139770507813,31.8642578125,459.5139770507813,27.02703094482422,459.5139770507813,41.53871536254883,454.6767578125,17.352575302124023,420.816162109375,46.37594223022461,411.1416931152344,7.678118705749512,386.95556640625,70.56208038330078,348.2577209472656,22.189802169799805,425.65338134765625,94.74822235107422,411.1416931152344,85.07376861572266,309.5599060058594,85.07376861572266,304.7226867675781,41.53871536254883,232.1642608642578,138.2832794189453,232.1642608642578,80.23654174804688,154.76861572265625,104.42267608642578,149.93138122558594,114.09713745117188,1
517.24462890625,378.90081787109375,529.27490234375,372.88568115234375,529.27490234375,372.88568115234375,523.259765625,360.85540771484375,523.259765625,390.9310607910156,481.1538391113281,354.8402709960937,481.1538391113281,414.9916076660156,433.0327758789063,306.7192077636719,390.9268493652344,414.9916076660156,499.1992492675781,324.7646179199219,499.1992492675781,318.7494812011719,336.7906494140625,378.90081787109375,342.8057861328125,408.9764709472656,246.56365966796875,348.8251342773437,252.5787811279297,366.87054443359375,168.36692810058594,421.0067443847656,168.36692810058594,421.0067443847656,1
491.1947937011719,379.192138671875,502.6044921875,373.4872741699219,496.8996276855469,373.4872741699219,502.6044921875,390.6018371582031,502.6044921875,379.192138671875,468.37542724609375,430.5357360839844,474.0802612304688,384.89697265625,456.9657287597656,367.7824401855469,456.9657287597656,356.37274169921875,502.6044921875,322.1436767578125,496.8996276855469,316.4388427734375,337.1639709472656,424.8309020996094,342.8688049316406,407.7163696289063,263.0009765625,362.0776062011719,263.0009765625,356.37274169921875,160.3137664794922,344.96307373046875,166.0186004638672,424.8309020996094,1
486.5940246582031,409.6595764160156,491.703125,414.7687072753906,491.703125,404.5504455566406,496.812255859375,430.0960693359375,481.4848937988281,394.3322143554688,461.0484008789063,460.7507629394531,450.8301696777344,394.3322143554688,440.6119384765625,470.9690246582031,471.26666259765625,363.677490234375,512.1395874023438,327.9136657714844,496.812255859375,327.9136657714844,343.5386657714844,445.4234008789063,348.6477966308594,404.5504455566406,251.57452392578125,373.895751953125,256.6836242675781,373.895751953125,169.82861328125,419.8778076171875,174.93772888183594,358.5683898925781,1
476.9008483886719,445.2206726074219,487.0675964355469,450.3040466308594,481.9842224121094,435.0539245605469,492.1509704589844,460.4707946777344,466.7341003417969,409.6370849609375,456.5673522949219,470.6375427246094,426.067138671875,419.8038330078125,410.8170166015625,470.6375427246094,375.2334289550781,404.5537109375,431.1505126953125,440.1372985839844,390.4835510253906,409.6370849609375,339.6498413085937,465.5541687011719,339.6498413085937,424.88720703125,329.48309326171875,424.88720703125,319.3163452148437,414.720458984375,212.5655670166016,374.0534973144531,212.5655670166016,368.9701232910156,1
425.5181579589844,100.16790771484376,436.0941162109375,100.16790771484376,441.3821105957031,89.59194946289062,483.6859436035156,84.30397033691406,457.2460632324219,84.30397033691406,451.95806884765625,52.57608413696289,441.3821105957031,47.28810119628906,462.5340270996094,126.6078109741211,483.6859436035156,105.45588684082033,473.1099853515625,110.7438735961914,478.3979797363281,105.45588684082033,325.0465393066406,89.59194946289062,314.4705810546875,63.15204620361328,256.30279541015625,137.18377685546875,256.30279541015625,131.8957977294922,150.5431671142578,147.75973510742188,145.25518798828125,158.335693359375,1
487.18756103515625,76.21525573730469,492.5025329589844,76.21525573730469,492.5025329589844,65.58528137207031,492.5025329589844,81.53024291992188,487.18756103515625,49.64033126831055,449.982666015625,76.21525573730469,444.6676940917969,28.38039207458496,471.24261474609375,102.79017639160156,380.8878784179688,49.64033126831055,449.982666015625,102.79017639160156,449.982666015625,102.79017639160156,327.738037109375,76.21525573730469,317.1080627441406,44.32534790039063,253.32823181152344,129.36509704589844,253.32823181152344,108.10516357421876,147.02854919433594,118.7351303100586,147.02854919433594,129.36509704589844,1
472.11376953125,49.831787109375,482.3674621582031,54.95863342285156,477.2406311035156,39.57809448242188,477.2406311035156,70.33917999267578,472.11376953125,34.45124435424805,436.225830078125,90.84656524658205,441.3526916503906,19.070703506469727,374.7036743164063,95.9734115600586,374.7036743164063,29.324398040771484,431.0989990234375,90.84656524658205,318.308349609375,49.831787109375,318.308349609375,75.46602630615234,318.308349609375,39.57809448242188,236.27880859375,116.48080444335938,241.40565490722656,75.46602630615234,133.74185180664062,131.86134338378906,164.50294494628906,65.21232604980469,1
454.7229614257813,22.866003036499023,464.6394653320313,27.824256896972656,464.6394653320313,22.866003036499023,464.6394653320313,32.782508850097656,459.6812133789063,22.866003036499023,434.8899536132813,57.57378005981445,420.0151977539063,12.949493408203123,365.4743957519531,77.40679931640625,360.5161437988281,57.57378005981445,350.5996398925781,77.40679931640625,335.724853515625,62.53203582763672,305.975341796875,62.53203582763672,305.975341796875,22.866003036499023,246.47628784179688,102.19806671142578,216.7267608642578,32.782508850097656,147.3112030029297,126.98934173583984,147.3112030029297,126.98934173583984,1
517.6282958984375,348.64434814453125,530.0355834960938,348.64434814453125,530.0355834960938,342.4407043457031,530.0355834960938,354.8479919433594,530.0355834960938,385.8661804199219,467.9992065429688,354.8479919433594,480.4064636230469,410.6807556152344,405.9627990722656,354.8479919433594,412.16644287109375,429.2916564941406,356.33367919921875,354.8479919433594,374.9446105957031,379.66253662109375,337.7227478027344,367.2552795410156,343.9263916015625,392.06982421875,232.2608795166016,354.8479919433594,250.87179565429688,373.45892333984375,114.39171600341795,385.8661804199219,170.22447204589844,410.6807556152344,1
514.6646728515625,352.5184326171875,525.99072265625,358.1814270019531,520.3276977539062,346.8554077148437,520.3276977539062,380.83349609375,525.99072265625,392.1595153808594,480.6866149902344,403.4855346679688,480.6866149902344,397.822509765625,401.4044494628906,403.4855346679688,429.7195129394531,358.1814270019531,390.0783996582031,363.8444519042969,407.06744384765625,363.8444519042969,339.1112976074219,403.4855346679688,344.7743225097656,392.1595153808594,254.16612243652344,352.5184326171875,254.16612243652344,358.1814270019531,174.8839569091797,403.4855346679688,180.5469665527344,403.4855346679688,1
508.4730224609375,362.38275146484375,519.1689453125,373.0786437988281,519.1689453125,362.38275146484375,519.1689453125,394.4704284667969,508.4730224609375,373.0786437988281,476.3853149414063,421.2101745605469,471.0373840332031,394.4704284667969,433.6017150878906,383.7745361328125,417.557861328125,367.7306823730469,422.9058227539063,373.0786437988281,422.9058227539063,373.0786437988281,342.68658447265625,426.5581359863281,348.0345153808594,399.8183898925781,251.77142333984372,367.7306823730469,262.4673156738281,367.7306823730469,182.24807739257807,431.9060668945313,182.24807739257807,437.2540283203125,1
504.7024841308594,387.4684448242188,520.7593383789062,387.4684448242188,515.4070434570312,382.1161804199219,526.111572265625,414.2298278808594,504.7024841308594,387.4684448242188,488.6456604003906,446.3434753417969,477.9411315917969,403.5252685546875,403.00927734375,457.0480346679688,424.4183654785156,403.5252685546875,392.3047180175781,387.4684448242188,435.1229248046875,376.763916015625,354.8388061523437,451.69573974609375,349.4865417480469,414.2298278808594,269.2024230957031,446.3434753417969,263.8501281738281,387.4684448242188,178.2137451171875,446.3434753417969,172.86146545410156,435.638916015625,1
511.714111328125,416.1837463378906,522.5994262695312,421.62640380859375,517.15673828125,405.2984619140625,522.5994262695312,437.954345703125,506.2714538574219,399.8558044433594,484.5008544921875,465.1676025390625,473.6155395507813,405.2984619140625,424.6317138671875,476.0529174804688,413.7463989257813,394.41314697265625,402.8611145019531,459.7249450683594,375.6478576660156,367.1998901367188,353.87725830078125,465.1676025390625,348.4346008300781,421.62640380859375,261.3522033691406,465.1676025390625,250.46690368652344,421.62640380859375,179.71246337890625,459.7249450683594,168.82716369628906,437.954345703125,1
521.494873046875,466.01861572265625,532.3671875,460.58245849609375,526.9310302734375,455.1463012695313,526.9310302734375,460.58245849609375,526.9310302734375,449.7101440429688,483.4417724609375,476.8909606933594,478.0055847167969,427.9655151367188,423.6440124511719,417.09320068359375,423.6440124511719,406.2208862304688,363.8462524414063,389.9124145507813,363.8462524414063,389.9124145507813,369.2824096679688,471.4548034667969,363.8462524414063,455.1463012695313,271.4315490722656,466.01861572265625,265.9953918457031,466.01861572265625,189.88916015625,449.7101440429688,189.88916015625,449.7101440429688,1
519.0947265625,463.2290649414063,530.2329711914062,463.2290649414063,530.2329711914062,452.0908203125,524.6638793945312,468.7981872558594,524.6638793945312,440.9526062011719,485.6800537109375,479.9364013671875,474.5418395996094,424.2452392578125,418.8506774902344,418.6761474609375,418.8506774902344,413.1070251464844,363.1595153808594,390.83056640625,363.1595153808594,390.83056640625,352.0212707519531,468.7981872558594,352.0212707519531,446.521728515625,257.3463134765625,468.7981872558594,257.3463134765625,435.3834838867188,173.8095703125,463.2290649414063,173.8095703125,440.9526062011719,1
479.1163940429688,421.2535095214844,484.4924011230469,432.0055236816406,489.868408203125,415.8775024414063,495.2444152832031,442.7575378417969,495.2444152832031,421.2535095214844,462.9883728027344,464.2615661621094,468.3643798828125,415.8775024414063,409.2283325195313,405.1255187988281,419.9803466796875,399.74951171875,366.2202758789063,372.8694763183594,371.5962829589844,372.8694763183594,355.46826171875,453.5095520019531,350.0922546386719,432.0055236816406,258.7001647949219,415.8775024414063,253.32415771484372,458.8855590820313,178.06007385253906,442.7575378417969,183.4360809326172,458.8855590820313,1
492.3776245117188,113.37335968017578,504.3590698242188,113.37335968017578,504.3590698242188,113.37335968017578,498.3683471679688,89.41047668457031,504.3590698242188,131.34552001953125,456.4332885742188,77.42903137207031,462.4240112304688,167.2898406982422,384.5446472167969,95.40119934082033,384.5446472167969,185.2620086669922,348.600341796875,101.39191436767578,342.609619140625,179.2712860107422,318.646728515625,119.36408233642578,324.637451171875,167.2898406982422,222.79519653320312,143.32696533203125,216.80447387695312,161.2991180419922,120.95294189453124,155.30841064453125,126.94366455078124,155.30841064453125,1
495.9635009765625,126.04588317871094,501.8695373535156,126.04588317871094,501.8695373535156,120.1398696899414,495.9635009765625,84.70376586914062,501.8695373535156,102.42181396484376,460.52740478515625,120.1398696899414,454.6213989257813,102.42181396484376,401.46722412109375,149.66995239257812,383.7491760253906,96.51580047607422,354.2191162109375,149.66995239257812,360.1251220703125,149.66995239257812,318.78302001953125,120.1398696899414,312.8769836425781,90.60978698730467,218.38072204589844,149.66995239257812,218.38072204589844,161.4819793701172,129.79046630859375,131.951904296875,123.88445281982422,143.76393127441406,1
482.126953125,106.91669464111328,493.6814575195313,106.91669464111328,487.9042053222656,101.13945770263672,493.6814575195313,106.91669464111328,487.9042053222656,78.0304946899414,447.4635314941406,112.69393920898438,447.4635314941406,60.698768615722656,383.9138793945313,135.8029022216797,378.1366271972656,78.0304946899414,349.2504272460937,147.3573760986328,343.4731750488281,118.47117614746094,320.3642272949219,118.47117614746094,308.80975341796875,78.0304946899414,239.48284912109372,153.13462829589844,222.1511383056641,147.3573760986328,147.0469970703125,130.02566528320312,135.49252319335938,130.02566528320312,1
473.4464111328125,78.20578002929688,478.8965759277344,78.20578002929688,478.8965759277344,67.30548095703125,478.8965759277344,78.20578002929688,478.8965759277344,45.50486755371094,440.7455139160156,72.75563049316406,440.7455139160156,29.154407501220703,418.9448852539063,100.0063934326172,364.443359375,45.50486755371094,446.1956481933594,132.70730590820312,353.5430603027344,110.90670013427734,331.7424621582031,89.10608673095703,315.3919982910156,56.40517044067383,228.1895446777344,121.8070068359375,228.1895446777344,127.25715637207033,140.9871063232422,121.8070068359375,135.53695678710938,110.90670013427734,1
474.8375549316406,50.766937255859375,485.3222961425781,56.009307861328125,480.0799255371094,40.28219604492188,480.0799255371094,61.25167846679688,474.8375549316406,24.555084228515625,443.3833312988281,66.49404907226562,432.8985900878906,3.585601806640625,422.4138488769531,103.19064331054688,369.9901428222656,14.070343017578123,464.3528137207031,134.64486694335938,354.2630310058594,87.46353149414062,328.0511779785156,82.22116088867188,317.5664367675781,40.28219604492188,249.4156188964844,118.91775512695312,249.4156188964844,103.19064331054688,155.05294799804688,118.91775512695312,149.81057739257812,108.43301391601562,1
468.6131896972656,24.98701286315918,473.6697082519531,30.04354286193848,473.6697082519531,19.930482864379883,473.6697082519531,45.213134765625,468.6131896972656,9.817422866821287,443.3305358886719,55.3261947631836,428.1609497070313,-0.2956371307373047,423.10443115234375,100.8349609375,352.31298828125,4.760892868041992,468.6131896972656,121.0610809326172,352.31298828125,60.382720947265625,327.0303649902344,70.49578094482422,321.97381591796875,30.04354286193848,256.2389221191406,116.00455474853516,256.2389221191406,85.66537475585938,165.2213897705078,116.00455474853516,155.10833740234375,105.89149475097656,1
466.9641723632813,13.064987182617188,471.8624877929688,13.064987182617188,471.8624877929688,8.166641235351562,462.0657958984375,13.064987182617188,466.9641723632813,27.760025024414062,432.67572021484375,37.55671691894531,437.5740966796875,52.25175476074219,398.3873291015625,81.64183044433594,403.28564453125,66.94679260253906,354.3021850585937,106.13356018066406,354.3021850585937,106.13356018066406,320.0137939453125,47.35340881347656,305.3187255859375,17.963333129882812,236.7418975830078,111.03190612792967,222.0468597412109,47.35340881347656,158.3683624267578,111.03190612792967,158.3683624267578,96.3368682861328,1
461.6565551757813,8.101265907287598,471.4336242675781,12.989794731140137,466.5450744628906,3.2127370834350586,466.5450744628906,17.87832260131836,456.7680358886719,8.101265907287598,432.3253784179688,42.32096862792969,412.7712707519531,-6.56432056427002,398.1056823730469,81.42919921875,402.99420166015625,66.76361083984375,354.1089172363281,105.87184143066406,354.1089172363281,110.76036834716795,319.88922119140625,56.98655319213867,305.2236328125,12.989794731140137,236.7842254638672,105.87184143066406,222.1186370849609,42.32096862792969,158.56776428222656,110.76036834716795,158.56776428222656,96.09478759765624,1
460.9778137207031,8.693838119506836,465.8515930175781,13.567636489868164,465.8515930175781,3.820040464401245,470.7254028320313,18.44143486022949,456.10400390625,3.820040464401245,431.7350158691406,47.68422317504883,417.1136169433594,-5.927555561065674,397.6184387207031,81.80081176757812,402.4922180175781,62.30561828613281,353.7542419433594,106.1697998046875,305.0162658691406,13.567636489868164,319.6376647949219,57.43181991577149,305.0162658691406,13.567636489868164,236.78309631347656,106.1697998046875,222.1616973876953,47.68422317504883,158.8023223876953,111.04359436035156,158.8023223876953,91.54840850830078,1
466.0012817382813,13.7140474319458,470.8691101074219,13.7140474319458,466.0012817382813,8.846212387084961,470.8691101074219,18.58188247680664,461.1334533691406,8.846212387084961,431.9264526367188,47.78889083862305,412.4551086425781,-5.757291793823242,397.8515930175781,81.86373138427734,402.7194213867188,62.39239501953125,354.04107666015625,111.07073974609376,319.9662475585937,13.7140474319458,324.8340759277344,57.524559020996094,305.3627319335937,18.58188247680664,237.2130584716797,106.2029037475586,222.6095428466797,47.78889083862305,159.32769775390625,111.07073974609376,159.32769775390625,96.4672393798828,1
519.6583862304688,446.097412109375,531.0728759765625,451.80462646484375,525.3656616210938,440.39013671875,531.0728759765625,463.2191162109375,519.6583862304688,434.6829223632813,479.7077026367188,468.9263916015625,468.293212890625,428.97564697265625,428.3424682617188,440.39013671875,422.63525390625,423.2684326171875,462.5859375,389.0249633789063,462.5859375,383.3176879882813,365.5628051757813,474.6336059570313,359.85552978515625,457.5119018554688,262.8323974609375,468.9263916015625,268.53961181640625,446.097412109375,182.9309539794922,463.2191162109375,182.9309539794922,434.6829223632813,1
519.3572387695312,449.8859252929688,530.8058471679688,449.8859252929688,525.08154296875,438.437255859375,530.8058471679688,461.3345642089844,519.3572387695312,438.437255859375,467.8382568359375,455.6102294921875,479.2868957519531,432.7129211425781,427.7679443359375,426.9885864257813,422.0436096191406,421.2642517089844,462.1139221191406,392.6426086425781,462.1139221191406,386.9182739257813,359.07598876953125,467.0588989257813,359.07598876953125,455.6102294921875,261.76239013671875,467.0588989257813,267.4867248535156,438.437255859375,181.62176513671875,461.3345642089844,181.62176513671875,432.7129211425781,1
518.4293823242188,448.6285095214844,529.8661499023438,448.6285095214844,529.8661499023438,442.9101257324219,529.8661499023438,465.78369140625,518.4293823242188,437.1917419433594,466.9638977050781,454.3468933105469,484.1190490722656,437.1917419433594,426.9351501464844,425.75494384765625,421.2167663574219,420.03656005859375,461.2454833984375,385.7262268066406,461.2454833984375,385.7262268066406,358.3144836425781,465.78369140625,358.3144836425781,454.3468933105469,261.1018371582031,465.78369140625,261.1018371582031,437.1917419433594,181.0443878173828,460.0653076171875,175.32598876953125,437.1917419433594,1
518.1467895507812,426.6568298339844,529.7005004882812,432.4336853027344,523.9236450195312,420.8800048828125,523.9236450195312,455.54107666015625,512.3699951171875,415.1031494140625,477.7088928222656,461.3179321289063,471.9320373535156,426.6568298339844,425.7172546386719,420.8800048828125,414.16357421875,415.1031494140625,448.82464599609375,368.8883666992188,454.60150146484375,368.8883666992188,356.3951110839844,449.7642211914063,356.3951110839844,449.7642211914063,258.188720703125,461.3179321289063,263.965576171875,438.2105407714844,171.53602600097656,438.2105407714844,177.3128662109375,432.4336853027344,1
512.1060180664062,414.1169738769531,523.568359375,419.8481140136719,517.837158203125,408.3858337402344,523.568359375,448.50384521484375,506.3749084472656,408.3858337402344,477.71917724609375,459.9661254882813,466.25689697265625,419.8481140136719,426.1388854980469,437.0415649414063,408.9454650878906,414.1169738769531,449.0634460449219,385.4612426757813,449.0634460449219,368.267822265625,357.3651428222656,465.697265625,357.3651428222656,442.772705078125,254.20455932617188,465.697265625,259.9356994628906,419.8481140136719,162.50625610351562,454.2349853515625,179.69969177246094,425.5792541503906,1
484.01373291015625,95.11544036865234,495.4361877441406,95.11544036865234,489.7249450683594,83.69298553466797,501.1474304199219,100.82666778564452,495.4361877441406,66.55929565429688,455.4575805664063,106.53789520263672,449.7463684082031,49.42561340332031,415.4789733886719,123.6715850830078,381.2116088867188,66.55929565429688,472.5912780761719,123.6715850830078,346.9442443847656,117.96035766601562,335.52178955078125,112.2491226196289,318.3880920410156,72.2705307006836,238.43089294433597,129.3828125,232.71966552734372,135.0940399169922,158.47369384765625,100.82666778564452,158.47369384765625,95.11544036865234,1
480.7911987304688,78.18240356445312,491.7337341308594,83.65367889404297,486.262451171875,67.2398681640625,491.7337341308594,89.12494659423828,491.7337341308594,50.826053619384766,453.4348449707031,72.71113586425781,447.9635620117188,45.35478210449219,437.0210266113281,94.59622192382812,376.8370666503906,67.2398681640625,475.3199157714844,127.42384338378906,338.53814697265625,111.0100326538086,333.06689453125,94.59622192382812,316.653076171875,61.76859664916992,240.0552978515625,127.42384338378906,234.5840301513672,127.42384338378906,168.9287872314453,89.12494659423828,168.9287872314453,83.65367889404297,1
478.1617126464844,31.456859588623047,483.2637023925781,36.55885696411133,483.2637023925781,21.252864837646484,483.2637023925781,41.66085433959961,478.1617126464844,11.048870086669922,442.4477233886719,46.76285171508789,432.2437133789063,5.946872711181641,442.4477233886719,92.68083190917967,371.0197448730469,16.150867462158203,488.3656921386719,107.98681640625,345.509765625,56.96684646606445,330.2037658691406,67.17083740234375,325.1017761230469,26.35486221313477,243.4698181152344,107.98681640625,243.4698181152344,72.27284240722656,166.9398651123047,92.68083190917967,161.83786010742188,82.47683715820312,1
477.1878051757813,-0.4856400489807129,487.1015319824219,-0.4856400489807129,482.1446838378906,-5.442502498626709,487.1015319824219,14.384946823120115,487.1015319824219,14.384946823120115,447.4466247558594,29.255535125732425,452.4035034179688,19.34181022644043,437.5328979492188,78.82415771484375,437.5328979492188,78.82415771484375,482.1446838378906,44.126121520996094,482.1446838378906,44.126121520996094,333.4388122558594,39.16925811767578,323.52508544921875,9.428085327148438,239.25840759277344,44.126121520996094,224.3878326416016,9.428085327148438,164.9054718017578,68.91043090820312,169.86233520507812,58.996707916259766,1
532.5382080078125,307.7633972167969,543.663330078125,318.8885498046875,538.1007690429688,307.7633972167969,526.9756469726562,318.8885498046875,549.2259521484375,352.263916015625,471.3500061035156,307.7633972167969,504.7254028320313,385.6393127441406,415.724365234375,341.1387939453125,437.9746398925781,413.4521484375,382.3489685058594,368.9516296386719,393.47412109375,391.2018737792969,360.0987243652344,391.2018737792969,382.3489685058594,430.1398315429688,282.2228088378906,396.7644348144531,282.2228088378906,430.1398315429688,187.65921020507807,446.8275146484375,198.78433227539065,435.702392578125,1
524.8009033203125,345.7590026855469,535.528076171875,351.1225891113281,530.1644897460938,340.3954467773437,535.528076171875,372.5768432617188,519.4373779296875,329.6683044433594,497.9830932617188,404.75823974609375,476.5288391113281,329.6683044433594,438.9838562011719,426.2124938964844,422.8931579589844,340.3954467773437,476.5288391113281,356.48614501953125,476.5288391113281,329.6683044433594,369.2575073242188,426.2124938964844,363.8939514160156,388.6675415039063,283.4404602050781,399.3946838378906,283.4404602050781,383.3039855957031,197.62339782714844,447.6667785644531,192.25982666015625,447.6667785644531,1
515.2869873046875,379.9604797363281,520.5332641601562,374.7142333984375,520.5332641601562,374.7142333984375,525.7794799804688,385.2067260742188,531.0257568359375,390.4529724121094,504.7945251464844,427.1766662597656,499.54827880859375,390.4529724121094,441.8396301269531,458.6541137695313,420.8546447753906,390.4529724121094,431.3471374511719,406.1916809082031,483.8095397949219,348.4830322265625,368.3922119140625,448.16162109375,373.6384582519531,432.42291259765625,294.94482421875,406.1916809082031,294.94482421875,395.69921875,211.0049591064453,453.4078674316406,221.4974365234375,463.9003601074219,1
526.5828247070312,426.6985778808594,542.2860717773438,421.4641723632813,531.8172607421875,416.2297668457031,547.5204467773438,437.1673889160156,542.2860717773438,442.40179443359375,500.4108276367188,437.1673889160156,495.1764221191406,421.4641723632813,453.3011779785156,405.760986328125,453.3011779785156,390.0577697753906,489.9420166015625,348.1825256347656,489.9420166015625,348.1825256347656,385.25390625,458.1050109863281,385.25390625,452.87060546875,301.5034484863281,405.760986328125,301.5034484863281,410.995361328125,212.51856994628903,421.4641723632813,207.2841644287109,426.6985778808594,1
524.109375,389.5198974609375,529.380859375,389.5198974609375,529.380859375,384.2484130859375,539.923828125,410.6058349609375,529.380859375,389.5198974609375,518.837890625,447.5062255859375,503.0234680175781,410.6058349609375,439.7656555175781,468.5921325683594,445.0371398925781,389.5198974609375,503.0234680175781,363.1624755859375,487.2090148925781,352.6195068359375,381.77935791015625,463.3206787109375,381.77935791015625,436.9632568359375,318.52154541015625,384.2484130859375,339.60748291015625,378.9769287109375,213.09190368652344,421.1488037109375,207.82041931152344,421.1488037109375,1
518.9320068359375,389.3253784179688,529.4924926757812,389.3253784179688,529.4924926757812,384.045166015625,540.0529174804688,405.1660461425781,524.2122192382812,389.3253784179688,518.9320068359375,447.4078674316406,503.0913391113281,410.4462890625,439.7286376953125,468.52874755859375,445.0088806152344,389.3253784179688,503.0913391113281,405.1660461425781,487.2506713867188,352.3638000488281,381.6461791992188,463.24853515625,386.9263916015625,436.847412109375,323.5636901855469,384.045166015625,339.40435791015625,378.7649230957031,212.6789703369141,421.0067138671875,207.39874267578125,421.0067138671875,1
513.27783203125,352.9039306640625,518.872314453125,347.3094482421875,518.872314453125,347.3094482421875,530.061279296875,352.9039306640625,546.8447265625,369.6873779296875,502.0888977050781,408.8487548828125,513.27783203125,408.8487548828125,429.3606262207031,459.1990966796875,451.7385559082031,375.2818603515625,474.1164855957031,341.7149658203125,485.3054504394531,336.1204833984375,367.82135009765625,442.4156494140625,379.0103149414063,425.6322021484375,283.9041442871094,442.4156494140625,295.09307861328125,397.6597900390625,188.79795837402344,442.4156494140625,199.9869079589844,425.6322021484375,1
491.9554748535156,389.2257690429688,501.9962768554688,389.2257690429688,496.9758911132813,379.18499755859375,517.0574340820312,409.3073425292969,486.9350891113281,374.1645812988281,461.8331298828125,454.4908447265625,466.853515625,394.24615478515625,391.5476684570313,464.5316467285156,456.812744140625,364.1238098144531,371.4660949707031,404.2869262695313,471.8739318847656,328.9810791015625,366.4457092285156,459.5112609863281,366.4457092285156,424.3684997558594,276.0786437988281,459.5112609863281,301.1806030273437,379.18499755859375,190.73199462890625,474.5724182128906,215.83395385742188,404.2869262695313,1
506.8082580566406,119.66419982910156,512.6259765625,102.21106719970705,518.4436645507812,113.84648895263672,512.6259765625,73.12252044677734,512.6259765625,113.84648895263672,460.2665710449219,55.669395446777344,471.9019775390625,142.93504333496094,390.45404052734375,61.48710250854492,396.2717590332031,160.38816833496094,332.2769470214844,49.8516845703125,343.9123840332031,166.20587158203125,332.2769470214844,73.12252044677734,326.4592590332031,131.29962158203125,233.3759002685547,102.21106719970705,227.5581817626953,113.84648895263672,134.47483825683594,78.94023132324219,140.29254150390625,78.94023132324219,1
490.0855712890625,105.66471099853516,495.32861328125,95.17864990234376,495.32861328125,105.66471099853516,495.32861328125,63.72045516967773,495.32861328125,105.66471099853516,448.1413269042969,42.748329162597656,448.1413269042969,121.39380645751952,379.9819030761719,42.748329162597656,385.2249450683594,137.12289428710938,343.2807006835937,42.748329162597656,306.5794677734375,126.63683319091795,322.3085632324219,47.99136352539063,317.0655212402344,100.4216766357422,233.1770172119141,110.90774536132812,233.1770172119141,126.63683319091795,233.1770172119141,84.69258117675781,165.01760864257812,79.44955444335938,1
449.4930725097656,74.74871063232422,459.0144958496094,74.74871063232422,459.0144958496094,65.22727966308594,463.7752075195313,55.705848693847656,468.5359497070313,46.184417724609375,430.4502258300781,55.705848693847656,430.4502258300781,12.859407424926758,392.364501953125,93.79157257080078,392.364501953125,89.03085327148438,430.4502258300781,108.07371520996094,435.2109375,103.31300354003906,311.43231201171875,60.46656036376953,297.1501770019531,22.38083839416504,292.38946533203125,117.59514617919922,235.2608795166016,89.03085327148438,168.61085510253906,74.74871063232422,168.61085510253906,69.98799133300781,1
455.0861206054688,32.59536361694336,459.7637939453125,37.27301406860352,459.7637939453125,27.91771697998047,459.7637939453125,51.30596160888672,455.0861206054688,23.240066528320312,422.3425903320313,55.98361206054688,422.3425903320313,18.56241798400879,412.9873046875,74.69420623779297,398.954345703125,51.30596160888672,455.0861206054688,84.04950714111328,412.9873046875,51.30596160888672,328.78961181640625,55.98361206054688,314.75665283203125,18.56241798400879,286.6907653808594,107.43775177001952,267.98016357421875,88.72715759277344,179.10482788085938,79.37185668945312,174.42718505859375,84.04950714111328,1
472.4187316894531,35.013519287109375,477.3141479492188,39.908939361572266,477.3141479492188,25.22266960144043,477.3141479492188,39.908939361572266,472.4187316894531,15.431822776794434,438.1507568359375,30.118093490600582,438.1507568359375,10.536399841308594,398.98736572265625,54.595211029052734,398.98736572265625,49.69978713989258,443.0462036132813,79.07232666015625,443.0462036132813,83.9677505493164,320.6606140136719,39.908939361572266,305.9743347167969,10.536399841308594,315.7651672363281,123.13114166259766,242.33383178710935,69.28147888183594,227.6475524902344,98.65402221679688,164.00704956054688,74.1769027709961,1
496.6988525390625,349.516845703125,502.5826416015625,343.6330261230469,496.6988525390625,343.6330261230469,502.5826416015625,343.6330261230469,496.6988525390625,373.0520935058594,461.3959655761719,320.0978088378906,461.3959655761719,390.7035217285156,390.7902526855469,331.86541748046875,390.7902526855469,349.516845703125,331.9521484375,343.6330261230469,331.9521484375,349.516845703125,320.1845092773437,367.1682739257813,326.0683288574219,396.58734130859375,231.92735290527344,325.9815979003906,231.92735290527344,367.1682739257813,131.90257263183594,355.4006652832031,149.55401611328125,373.0520935058594,1
502.61328125,371.1668090820313,508.3257751464844,376.8793029785156,508.3257751464844,359.7418518066406,502.61328125,388.3042602539063,508.3257751464844,359.7418518066406,456.9134521484375,405.4416809082031,451.2009582519531,336.8919372558594,428.3510437011719,319.7544860839844,422.6385498046875,314.0420227050781,474.0508728027344,319.7544860839844,474.0508728027344,325.46697998046875,319.8139343261719,399.7292175292969,319.8139343261719,382.5917663574219,228.41424560546875,382.5917663574219,234.1267242431641,365.454345703125,137.0145721435547,428.2916259765625,142.72705078125,388.3042602539063,1
499.7881164550781,375.2037963867188,505.35107421875,380.7667541503906,499.7881164550781,375.2037963867188,505.35107421875,391.8927001953125,510.9140319824219,414.14453125,466.4103698730469,430.8334045410156,471.9733276367188,436.3963623046875,444.1585083007813,358.5149230957031,421.90667724609375,352.95196533203125,466.4103698730469,341.8260498046875,471.9733276367188,336.2630920410156,332.8993530273437,419.7074890136719,332.8993530273437,397.4556579589844,249.4549560546875,364.077880859375,249.4549560546875,364.077880859375,143.75872802734375,369.6408386230469,182.69944763183597,419.7074890136719,1
494.4932861328125,416.1475830078125,505.5807495117188,416.1475830078125,500.0370178222656,405.0601501464844,505.5807495117188,432.7787780761719,500.0370178222656,405.0601501464844,466.7746276855469,460.4974365234375,466.7746276855469,371.7977600097656,416.8810729980469,349.6228332519531,416.8810729980469,355.16656494140625,477.8620910644531,371.7977600097656,477.8620910644531,355.16656494140625,333.7251281738281,438.322509765625,328.181396484375,410.6038513183594,250.56919860839844,377.3414916992188,245.0254669189453,405.0601501464844,150.78207397460938,377.3414916992188,156.3258056640625,410.6038513183594,1
494.5670776367188,433.3407287597656,505.6495971679688,433.3407287597656,500.10833740234375,422.2582092285156,505.6495971679688,444.42327880859375,500.10833740234375,411.1756591796875,466.8607177734375,466.5883483886719,466.8607177734375,389.0105895996094,433.6131286621094,355.76300048828125,433.6131286621094,355.76300048828125,483.4845275878906,366.8455200195313,483.4845275878906,355.76300048828125,339.4115905761719,438.8819885253906,339.4115905761719,416.7169189453125,261.8338317871094,389.0105895996094,261.8338317871094,389.0105895996094,151.00848388671875,372.38677978515625,184.25608825683597,422.2582092285156,1
503.43060302734375,432.8885803222656,514.6473388671875,432.8885803222656,509.0389709472656,427.28021240234375,503.43060302734375,410.455078125,509.0389709472656,427.28021240234375,469.7803039550781,388.02154541015625,464.17193603515625,466.5388793945313,436.1300354003906,348.76287841796875,402.479736328125,472.1472473144531,486.6054382324219,354.3712463378906,486.6054382324219,359.9796447753906,340.7875671386719,410.455078125,340.7875671386719,455.3221130371094,251.053466796875,393.6299133300781,256.6618347167969,416.0634460449219,150.1026153564453,371.1964111328125,178.14451599121094,432.8885803222656,1
484.97662353515625,337.3578491210937,496.5784912109375,343.15875244140625,496.5784912109375,331.556884765625,502.3794555664063,354.7606201171875,508.1803588867188,377.96435546875,450.1710205078125,360.56158447265625,461.77288818359375,395.3671875,386.36077880859375,383.7653198242188,386.36077880859375,389.5662231445313,415.3654174804688,343.15875244140625,415.3654174804688,337.3578491210937,316.74957275390625,395.3671875,316.74957275390625,383.7653198242188,223.9346160888672,377.96435546875,229.7355499267578,360.56158447265625,131.1196746826172,424.371826171875,154.3234100341797,383.7653198242188,1
464.6747131347656,361.3334045410156,474.9743957519531,366.4832458496094,469.8245544433594,361.3334045410156,469.8245544433594,381.9327697753906,474.9743957519531,402.5321350097656,387.4270935058594,392.2324523925781,428.6258239746094,397.3822937011719,320.4791564941406,412.8318176269531,423.4759826660156,345.8838806152344,330.7788391113281,366.4832458496094,469.8245544433594,330.4343566894531,289.5801086425781,412.8318176269531,320.4791564941406,412.8318176269531,227.78201293945312,361.3334045410156,238.08169555664065,351.0337219238281,160.83407592773438,433.4311828613281,150.53439331054688,371.6330871582031,1
449.3778991699219,377.5467529296875,454.3059692382813,382.474853515625,449.3778991699219,377.5467529296875,454.3059692382813,402.1871948242188,454.3059692382813,416.971435546875,405.0251159667969,416.971435546875,395.1689453125,436.6838073730469,429.6655578613281,357.8344116210937,360.6723327636719,392.3310241699219,469.0902404785156,323.3377990722656,469.0902404785156,323.3377990722656,291.6791381835937,416.971435546875,306.46337890625,441.6118774414063,237.4701690673828,357.8344116210937,237.4701690673828,357.8344116210937,168.47695922851562,431.7557067871094,153.6927032470703,377.5467529296875,1
440.4786376953125,55.73954772949219,440.4786376953125,55.73954772949219,446.3667297363281,49.85143661499024,440.4786376953125,55.73954772949219,464.0310668945313,79.29199981689453,422.8142700195313,108.73255920410156,446.3667297363281,114.62067413330078,346.2688293457031,73.40388488769531,346.2688293457031,85.18010711669922,416.9261779785156,67.5157699584961,399.2618408203125,67.5157699584961,310.9401550292969,185.27801513671875,322.71636962890625,185.27801513671875,222.61846923828125,138.17312622070312,228.50657653808597,138.17312622070312,98.96810150146484,149.9493408203125,110.74433135986328,155.83746337890625,1
429.43115234375,47.94416809082031,435.13330078125,47.94416809082031,435.13330078125,42.24201202392578,440.8354797363281,53.646331787109375,463.6441040039063,82.1571273803711,395.21820068359375,70.7528076171875,446.5376281738281,122.07225036621094,378.1117248535156,70.7528076171875,378.1117248535156,70.7528076171875,423.72900390625,70.7528076171875,400.92034912109375,70.7528076171875,303.983642578125,179.09384155273438,326.7922668457031,213.3068084716797,212.7490692138672,110.66793060302734,212.7490692138672,133.4765625,93.00371551513672,110.66793060302734,121.51451873779295,156.2852020263672,1
453.7939147949219,62.3616943359375,464.0807189941406,62.3616943359375,458.9373168945313,62.3616943359375,464.0807189941406,46.93147277832031,479.5109252929688,77.79191589355469,428.0768737792969,46.93147277832031,458.9373168945313,118.93917846679688,392.072998046875,57.21828842163086,392.072998046875,149.79962158203125,392.072998046875,118.93917846679688,361.2125549316406,165.22984313964844,325.2087097167969,88.0787353515625,330.35211181640625,144.65621948242188,227.4839782714844,93.22213745117188,212.05374145507807,129.2259979248047,222.34056091308597,77.79191589355469,134.9026336669922,118.93917846679688,1
459.0335693359375,124.77228546142578,463.7473449707031,120.05852508544922,463.7473449707031,120.05852508544922,463.7473449707031,72.92090606689453,459.0335693359375,115.34476470947266,430.7510070800781,49.35209655761719,421.323486328125,120.05852508544922,369.47210693359375,35.2108154296875,364.7583312988281,129.48605346679688,327.0482482910156,16.35576629638672,322.33447265625,110.63099670410156,317.6207275390625,35.2108154296875,303.4794311523437,63.493385314941406,322.33447265625,129.48605346679688,232.77301025390625,115.34476470947266,228.0592498779297,68.20714569091797,171.49411010742188,77.6346664428711,1
456.77001953125,67.32966613769531,456.77001953125,62.59249114990234,456.77001953125,57.85530853271485,466.244384765625,67.32966613769531,461.5072021484375,48.380950927734375,447.295654296875,81.54120635986328,437.8212890625,19.95787048339844,333.60333251953125,109.96428680419922,409.3982238769531,19.95787048339844,442.5584716796875,91.01557159423828,433.0841064453125,81.54120635986328,338.34051513671875,29.43222999572754,328.8661499023437,5.746330738067627,328.8661499023437,105.22711181640624,257.8084411621094,34.169410705566406,248.33409118652344,67.32966613769531,177.27638244628906,34.169410705566406,1
526.1499633789062,241.93972778320312,539.532958984375,248.63119506835935,532.8414306640625,228.5567626953125,539.532958984375,268.7056579589844,539.532958984375,221.8652801513672,492.6925659179688,288.78009033203125,486.0010986328125,188.40786743164065,425.77777099609375,315.5460205078125,425.77777099609375,168.33343505859375,358.8629455566406,322.23748779296875,358.8629455566406,161.64195251464844,345.47998046875,282.0885925292969,338.7885131835937,208.48231506347656,218.3418426513672,282.0885925292969,218.3418426513672,208.48231506347656,117.96961975097656,302.1630554199219,111.27813720703124,201.79083251953125,0
525.7330932617188,242.43035888671875,539.107177734375,249.11740112304688,539.107177734375,229.0562896728516,539.107177734375,269.1784973144531,539.107177734375,215.6822204589844,492.2979431152344,289.2395935058594,492.2979431152344,188.93409729003903,418.7405700683594,315.9877319335937,425.4276123046875,168.87298583984375,358.5572509765625,322.6747741699219,358.5572509765625,162.1859588623047,345.1831970214844,282.5525817871094,338.49615478515625,208.9951934814453,218.12954711914065,289.2395935058594,218.12954711914065,208.9951934814453,111.13700103759766,302.6136779785156,111.13700103759766,202.30816650390625,0
532.1866455078125,242.18885803222656,545.5545043945312,248.87278747558597,538.87060546875,228.82098388671875,545.5545043945312,268.9245910644531,538.87060546875,222.13705444335935,492.08306884765625,288.9764099121094,492.08306884765625,188.7173767089844,418.5597839355469,315.7121276855469,425.2437133789063,168.6655731201172,365.0882873535156,322.39605712890625,358.40435791015625,161.9816436767578,345.0364990234375,282.2924499511719,338.3525695800781,208.7691802978516,224.7256774902344,282.2924499511719,218.041748046875,208.7691802978516,111.09878540039062,302.3442687988281,111.09878540039062,202.0852508544922,0
521.4622802734375,256.9317932128906,527.873291015625,263.34283447265625,521.4622802734375,250.52072143554688,527.873291015625,282.5760498046875,534.2843627929688,231.2875213623047,482.995849609375,295.3981628417969,482.995849609375,192.82113647460935,393.2409362792969,308.2203063964844,412.4741516113281,192.82113647460935,354.7745361328125,301.8092346191406,348.3634948730469,173.5879364013672,348.3634948730469,269.75390625,348.3634948730469,218.46539306640625,226.55323791503903,256.9317932128906,239.3753662109375,205.6432647705078,162.4425811767578,250.52072143554688,143.2093963623047,199.2321929931641,0
516.11181640625,185.08197021484372,526.3092651367188,191.38656616210935,527.6185913085938,180.01702880859375,534.0715942382812,209.009033203125,526.2864379882812,191.72235107421875,489.6551818847656,271.0900573730469,489.6551818847656,216.1431884765625,410.2874755859375,271.0900573730469,447.63775634765625,178.90103149414062,410.2874755859375,197.8275604248047,410.2874755859375,161.19630432128906,341.1316833496094,270.5010681152344,343.13018798828125,216.1431884765625,245.4468536376953,246.66921997070312,263.7624816894531,191.72235107421875,153.8687286376953,277.1952514648437,147.76351928710938,216.1431884765625,0
533.402587890625,211.19790649414065,539.7523193359375,217.5476226806641,539.7523193359375,204.84820556640625,539.7523193359375,236.5967254638672,533.402587890625,204.84820556640625,495.3043823242188,281.0446472167969,508.0037841796875,185.79910278320312,412.75823974609375,293.7440490722656,438.1570434570313,173.09970092773438,419.1079406738281,211.19790649414065,349.26123046875,166.75,342.9115295410156,261.9955444335937,342.9115295410156,204.84820556640625,241.31626892089844,261.9955444335937,247.6659698486328,204.84820556640625,139.7210235595703,274.6949462890625,139.7210235595703,223.89732360839844,0
527.03173828125,220.7519073486328,533.5528564453125,220.7519073486328,527.03173828125,214.23077392578125,527.03173828125,240.31532287597656,533.5528564453125,279.442138671875,494.426025390625,207.7096405029297,487.9048767089844,292.4844055175781,429.2146606445313,175.1039581298828,429.2146606445313,338.13238525390625,357.4821472167969,168.58282470703125,500.9471740722656,292.4844055175781,344.4398803710937,214.23077392578125,344.4398803710937,272.9210205078125,220.5382843017578,207.7096405029297,227.05941772460935,272.9210205078125,116.20010375976562,214.23077392578125,109.67896270751952,259.87872314453125,0
519.99951171875,221.2017364501953,533.1334838867188,221.2017364501953,526.5665283203125,201.5007476806641,539.7005004882812,234.33572387695312,519.99951171875,181.79977416992188,506.8655090332031,280.3046875,487.16455078125,181.79977416992188,441.1955871582031,313.1396484375,421.4945983886719,168.66578674316406,382.0926513671875,332.84063720703125,349.2576599121094,162.09878540039062,349.2576599121094,280.3046875,349.2576599121094,208.0677490234375,231.05178833007807,280.3046875,224.4847869873047,221.2017364501953,125.97988891601562,280.3046875,119.4128875732422,221.2017364501953,0
534.1762084960938,233.7574157714844,547.3995971679688,246.9807586669922,540.7879028320312,227.14573669433597,540.7879028320312,260.2041320800781,534.1762084960938,213.92237854003903,487.8945007324219,280.0391540527344,481.2828063964844,180.86398315429688,428.389404296875,306.4858703613281,415.1660461425781,167.640625,362.2726135253906,326.3208923339844,355.66094970703125,154.4172821044922,329.2142333984375,280.0391540527344,335.8258972167969,200.6990203857422,223.4273834228516,299.8741760253906,223.4273834228516,233.7574157714844,117.64053344726562,299.8741760253906,117.64053344726562,227.14573669433597,0
515.1043701171875,285.5656433105469,528.303466796875,285.5656433105469,528.303466796875,272.3664855957031,521.7039184570312,278.966064453125,528.303466796875,272.3664855957031,482.1065368652344,311.9638977050781,468.9074096679688,311.9638977050781,409.5113220214844,351.561279296875,422.71044921875,173.37303161621094,343.5156555175781,311.9638977050781,343.5156555175781,311.9638977050781,323.71697998046875,245.9682464599609,323.71697998046875,226.16954040527344,231.32305908203125,153.57432556152344,211.5243682861328,265.7669372558594,185.1261138916016,146.97476196289062,112.53089904785156,232.76910400390625,0
505.0872802734375,198.4212951660156,518.0013427734375,198.4212951660156,505.0872802734375,179.0501708984375,524.4584350585938,204.8783264160156,498.6302490234375,159.67904663085938,485.7161560058594,250.0776214599609,446.9739074707031,153.2220001220703,446.9739074707031,301.73394775390625,388.8605346679688,133.8508758544922,369.4894104003906,314.6480407714844,337.2042236328125,166.13607788085938,337.2042236328125,275.9057922363281,311.37603759765625,211.3353729248047,272.6337890625,334.0191650390625,208.0633850097656,230.7064971923828,208.0633850097656,372.7614135742188,98.2936782836914,237.16354370117188,0
507.3419189453125,174.21987915039062,520.8329467773438,182.58810424804688,512.3197631835938,165.56472778320312,519.161376953125,202.829833984375,502.4549560546875,158.75865173339844,478.6549682617188,246.6280517578125,441.579345703125,153.78848266601562,433.7911682128906,297.974365234375,367.20166015625,156.9176025390625,365.2122497558594,315.6458740234375,299.6025390625,158.767578125,330.1400451660156,293.7041015625,304.9510803222656,234.85714721679688,239.07513427734372,347.6871032714844,204.36251831054688,304.011962890625,156.06173706054688,394.5758972167969,119.83616638183594,370.4255065917969,0
505.7980346679688,177.9271697998047,517.5762329101562,181.32455444335935,515.7916259765625,165.9678955078125,517.6416015625,196.45819091796875,502.41204833984375,157.79208374023438,476.9588623046875,246.89059448242188,443.46044921875,152.74298095703125,419.9739074707031,294.2177124023437,369.3857727050781,152.72659301757812,360.8650512695313,317.7330627441406,300.17120361328125,152.75704956054688,327.2027893066406,295.80322265625,303.7326965332031,233.59271240234372,235.3164520263672,353.6802978515625,202.7708282470703,294.7532958984375,128.5579376220703,393.7038269042969,122.37353515625,350.4129638671875,0
510.3469543457031,198.62619018554688,522.3771362304688,205.65719604492188,519.2091674804688,186.68490600585935,520.5169067382812,218.2940826416016,507.1634521484375,169.57687377929688,479.2999877929688,247.47784423828125,443.1837768554688,157.53726196289062,423.5213012695313,293.7359619140625,369.061279296875,155.6409454345703,365.1966552734375,317.6123046875,298.1208801269531,152.47901916503906,323.89813232421875,295.63507080078125,298.057373046875,235.290283203125,236.81765747070312,356.8433532714844,197.02626037597656,301.8031311035156,171.96266174316406,389.5257263183594,121.83546447753906,351.9303283691406,0
520.7285766601562,269.4006042480469,534.0017700195312,262.7640075683594,534.0017700195312,262.7640075683594,527.3651733398438,229.5809783935547,527.3651733398438,269.4006042480469,474.2723388671875,183.12474060058597,474.2723388671875,289.3104248046875,401.2696838378906,169.85153198242188,401.2696838378906,302.5836181640625,348.1768493652344,163.21493530273438,341.5402526855469,322.4934387207031,321.63043212890625,196.39794921875,321.63043212890625,269.4006042480469,202.1715545654297,222.94436645507807,208.80816650390625,282.6737976074219,102.62249755859376,229.5809783935547,109.25909423828124,276.0372009277344,0
524.6272583007812,238.3310394287109,531.0624389648438,244.7661895751953,531.0624389648438,231.8958740234375,531.0624389648438,264.0716552734375,524.6272583007812,219.0255584716797,479.5811767578125,289.8122863769531,473.14599609375,186.8497772216797,402.3592834472656,302.6826171875,408.79443359375,173.97946166992188,338.0076904296875,302.6826171875,331.5725402832031,161.10914611816406,325.13739013671875,264.0716552734375,331.5725402832031,193.2849273681641,202.869384765625,219.0255584716797,222.1748504638672,167.54429626464844,119.21232604980467,167.54429626464844,119.21232604980467,141.8036651611328,0
545.3517456054688,228.6314239501953,558.7965698242188,235.35385131835935,558.7965698242188,221.90899658203125,552.0741577148438,255.52114868164065,552.0741577148438,215.18655395507807,498.2947082519531,282.4108581542969,491.5722961425781,174.8519744873047,417.6255493164063,302.5781555175781,424.3479614257813,168.12954711914062,363.8460998535156,309.30059814453125,357.1236572265625,168.12954711914062,336.95635986328125,275.6884460449219,336.95635986328125,201.74169921875,222.67503356933597,289.13330078125,215.95260620117188,228.6314239501953,108.39370727539062,302.5781555175781,94.94884490966795,228.6314239501953,0
544.4107055664062,222.19532775878903,557.8551025390625,228.9175262451172,557.8551025390625,208.7509307861328,551.1329345703125,242.36192321777344,551.1329345703125,202.0287322998047,497.3553466796875,282.69512939453125,490.6331176757813,175.13992309570312,430.1333312988281,302.8617248535156,416.6889343261719,168.417724609375,369.633544921875,309.5839233398437,356.18914794921875,168.417724609375,336.0225524902344,275.9729309082031,336.0225524902344,202.0287322998047,221.74514770507807,296.1395263671875,215.02294921875,228.9175262451172,107.46774291992188,302.8617248535156,94.02334594726562,228.9175262451172,0
544.1616821289062,222.4737243652344,557.5966796875,229.1912384033203,557.5966796875,209.0387115478516,550.8792114257812,242.6262664794922,550.8792114257812,202.3211975097656,497.13909912109375,282.93133544921875,490.4216003417969,175.45115661621094,436.6815185546875,303.0838623046875,416.5289611816406,168.733642578125,369.5064086914063,309.8013610839844,356.0713806152344,168.733642578125,335.9188537597656,276.2138061523437,335.9188537597656,202.3211975097656,221.72116088867188,296.3663330078125,215.00364685058597,229.1912384033203,107.52347564697266,303.0838623046875,94.08845520019533,229.1912384033203,0
549.6989135742188,347.2331848144531,556.246826171875,347.2331848144531,549.6989135742188,340.6853332519531,556.246826171875,301.3981628417969,556.246826171875,334.1374816894531,510.4117431640625,288.30242919921875,510.4117431640625,301.3981628417969,425.2895202636719,249.0152282714844,451.48095703125,294.85028076171875,379.4544677734375,307.9460144042969,372.9065856933594,307.9460144042969,353.26300048828125,321.041748046875,359.8108825683594,307.9460144042969,241.9493103027344,288.30242919921875,248.49717712402344,307.9460144042969,143.73135375976562,307.9460144042969,130.6356201171875,307.9460144042969,0
547.0960083007812,346.6073913574219,553.7208862304688,339.9825134277344,547.0960083007812,339.9825134277344,560.3457641601562,306.8580627441406,560.3457641601562,339.9825134277344,513.9716186523438,293.6083068847656,507.3467102050781,326.73272705078125,414.5983276367188,306.8580627441406,414.5983276367188,326.73272705078125,361.5992431640625,306.8580627441406,354.974365234375,326.73272705078125,335.0997009277344,306.8580627441406,341.724609375,326.73272705078125,229.1015625,286.9834289550781,248.97622680664065,326.73272705078125,136.35317993164062,306.8580627441406,136.35317993164062,326.73272705078125,0
545.6295776367188,342.6764831542969,558.8372802734375,342.6764831542969,558.8372802734375,336.0726318359375,558.8372802734375,303.0533447265625,552.2333984375,309.6571960449219,499.4025268554688,217.20315551757807,506.0063781738281,309.6571960449219,506.0063781738281,388.9035034179688,506.0063781738281,395.5073852539063,519.214111328125,468.14984130859375,519.214111328125,461.5459899902344,354.1176147460937,217.20315551757807,354.1176147460937,283.24176025390625,235.2481231689453,223.80702209472656,235.2481231689453,303.0533447265625,136.19021606445312,250.2224578857422,129.5863494873047,303.0533447265625,0
545.013427734375,299.72576904296875,551.4918212890625,306.2041015625,551.4918212890625,286.7690734863281,545.013427734375,319.1607971191406,545.013427734375,273.8123779296875,480.22998046875,299.72576904296875,486.7083435058594,196.0722198486328,447.8382568359375,338.5958557128906,396.011474609375,176.63717651367188,447.8382568359375,409.857666015625,344.1847229003906,170.15882873535156,337.70635986328125,293.2474060058594,337.70635986328125,215.50726318359372,227.5744781494141,293.2474060058594,240.5311737060547,247.89898681640625,130.39927673339844,306.2041015625,130.39927673339844,247.89898681640625,0
501.00921630859375,206.58888244628903,513.6552124023438,212.911865234375,513.6552124023438,193.94290161132807,519.9782104492188,231.88082885742188,507.3322143554688,181.2969207763672,482.040283203125,269.8187561035156,463.0712890625,168.65093994140625,418.8103942871094,301.4336853027344,393.5184326171875,162.3279571533203,374.5494689941406,320.40264892578125,330.28857421875,162.3279571533203,336.6115417480469,276.1417541503906,323.965576171875,200.2658843994141,241.7667236328125,282.4647216796875,235.44374084472656,174.97393798828125,102.66099548339844,257.1727905273437,115.30696868896484,225.55784606933597,0
477.4595642089844,209.31602478027344,501.8331298828125,215.40940856933597,501.8331298828125,203.22262573242188,514.0198974609375,239.7829742431641,501.8331298828125,184.9424591064453,483.5529479980469,276.34332275390625,471.3661804199219,172.75567626953125,416.525634765625,306.8102722167969,398.2454833984375,166.6622772216797,361.6851196289063,331.183837890625,331.2181701660156,160.5688934326172,337.3115539550781,276.34332275390625,337.3115539550781,209.31602478027344,264.1908569335937,300.7168884277344,233.72390747070312,184.9424591064453,117.949462890625,300.7168884277344,142.32302856445312,233.6895904541016,0
465.5654296875,327.2737121582031,465.5654296875,344.0599670410156,471.1608276367188,327.2737121582031,459.9700012207031,355.25079345703125,482.3516540527344,310.48748779296875,415.2066955566406,304.8920593261719,448.7791748046875,260.1287536621094,370.4433898925781,321.6783142089844,370.4433898925781,215.36546325683597,364.8479919433594,377.6324462890625,370.4433898925781,388.8232727050781,320.0846862792969,276.9150085449219,320.0846862792969,215.36546325683597,230.55807495117188,304.8920593261719,224.962646484375,243.342529296875,124.2452163696289,321.6783142089844,124.2452163696289,254.53335571289065,0
520.8263549804688,245.8281097412109,533.9597778320312,252.39480590820312,527.39306640625,239.2614288330078,527.39306640625,265.5281677246094,527.39306640625,232.6947326660156,474.8595581054688,298.36163330078125,474.8595581054688,199.8612823486328,402.6259460449219,324.6283874511719,402.6259460449219,186.7279052734375,336.9590759277344,331.195068359375,330.3923645019531,173.5945281982422,323.82568359375,291.7949523925781,330.3923645019531,226.12803649902344,212.19195556640625,291.7949523925781,218.75865173339844,239.2614288330078,113.6916046142578,304.9283142089844,107.12491607666016,252.39480590820312,0
520.5252075195312,252.40216064453125,533.6497192382812,258.96441650390625,533.6497192382812,245.83990478515625,527.0874633789062,272.08892822265625,527.0874633789062,232.7154083251953,474.5894165039063,298.3379211425781,474.5894165039063,199.90414428710935,402.4046325683594,324.5869445800781,402.4046325683594,186.77963256835935,336.7821044921875,331.1492004394531,330.2198486328125,173.65512084960938,323.6575927734375,291.77569580078125,330.2198486328125,226.1531524658203,212.0992889404297,291.77569580078125,218.6615295410156,239.27764892578125,113.6654815673828,304.9001770019531,107.1032257080078,252.40216064453125,0
520.8137817382812,245.52609252929688,533.9590454101562,252.09873962402344,527.3864135742188,238.9534454345703,527.3864135742188,271.81671142578125,527.3864135742188,232.38079833984372,474.8052062988281,298.1072998046875,474.8052062988281,199.5175323486328,402.5060424804688,324.3979187011719,402.5060424804688,186.3722381591797,336.779541015625,330.9705505371094,330.2069091796875,173.22694396972656,323.6342468261719,291.5346374511719,330.2069091796875,225.80813598632807,211.8991851806641,291.5346374511719,211.8991851806641,238.9534454345703,113.30941772460938,304.6799621582031,106.73676300048828,258.67138671875,0
504.84417724609375,290.020751953125,517.0050048828125,290.020751953125,517.0050048828125,277.8599548339844,523.0853881835938,283.9403686523437,517.0050048828125,259.6187744140625,456.2010192871094,308.2619323730469,456.2010192871094,210.9756317138672,389.3166809082031,186.654052734375,401.47747802734375,308.2619323730469,334.5931396484375,186.654052734375,334.5931396484375,302.1815490722656,334.5931396484375,241.37759399414065,340.67352294921875,259.6187744140625,231.22642517089844,241.37759399414065,225.14602661132807,308.2619323730469,158.26168823242188,241.37759399414065,164.3420867919922,259.6187744140625,0
504.3407287597656,290.7231750488281,516.4945068359375,296.800048828125,516.4945068359375,278.5694274902344,522.5713500976562,296.800048828125,516.4945068359375,260.3388061523437,455.7257080078125,308.9538269042969,467.8794860839844,217.80064392089844,401.0338134765625,308.9538269042969,388.8800659179688,187.416259765625,346.3419189453125,302.8769226074219,394.9569396972656,284.64630126953125,328.1112976074219,272.4925537109375,328.1112976074219,229.95440673828125,230.88124084472656,296.800048828125,224.8043670654297,308.9538269042969,164.0355987548828,242.108154296875,176.18934631347656,248.1850433349609,0
495.89990234375,207.16970825195312,514.3283081054688,213.31251525878903,508.1855163574219,201.0269012451172,508.1855163574219,231.7409210205078,502.042724609375,201.0269012451172,459.0430908203125,274.74053955078125,452.9002990722656,201.0269012451172,379.1866455078125,305.4545593261719,385.3294372558594,194.88409423828125,330.0442199707031,201.0269012451172,330.0442199707031,194.88409423828125,317.75860595703125,262.4549255371094,323.90142822265625,244.02651977539065,207.1881561279297,207.16970825195312,219.4737701416016,244.02651977539065,139.61732482910156,287.0261535644531,145.7601318359375,280.88336181640625,0
495.9748840332031,207.2650451660156,508.2481994628906,213.40170288085935,508.2481994628906,201.12838745117188,508.2481994628906,237.9483184814453,502.1115417480469,201.12838745117188,459.1549682617188,274.76824951171875,453.018310546875,201.12838745117188,379.3784790039063,299.3148498535156,385.51513671875,194.9917449951172,330.2852478027344,225.67501831054688,330.2852478027344,194.9917449951172,318.0119323730469,262.49493408203125,324.1485900878906,244.08497619628903,207.5521697998047,207.2650451660156,219.82546997070312,244.08497619628903,140.04896545410156,287.04156494140625,146.1856231689453,280.9049072265625,0
495.34228515625,194.87110900878903,508.0603637695313,201.2301483154297,501.7013244628906,182.1530303955078,520.7784423828125,213.94821166992188,495.34228515625,169.43496704101562,482.6242065429688,258.4614562988281,450.82904052734375,169.43496704101562,463.5470886230469,328.4108581542969,374.5205993652344,169.43496704101562,457.1880798339844,404.7192687988281,298.2121887207031,188.51206970214844,336.36639404296875,277.53857421875,317.2892761230469,220.3072509765625,247.3398895263672,347.4879455566406,215.5447235107422,252.10243225097656,164.6724395751953,392.001220703125,107.4411163330078,283.8976135253906,0
493.6702270507813,201.49124145507807,506.3304138183594,201.49124145507807,500.0003051757813,188.8310546875,518.9906005859375,214.1514434814453,493.6702270507813,169.84075927734375,481.0100402832031,258.4621276855469,449.3595581054688,169.84075927734375,468.3498229980469,321.7630920410156,373.39837646484375,169.84075927734375,455.6896362304688,404.0543518066406,297.4372253417969,188.8310546875,335.4178161621094,277.452392578125,310.097412109375,220.4815368652344,246.7964630126953,347.0834655761719,215.14596557617188,252.13201904296875,170.83529663085938,391.3941345214844,101.20423126220705,283.7825012207031,0
505.552734375,191.6202087402344,512.08203125,198.1495056152344,512.08203125,178.56161499023438,518.611328125,211.20811462402344,499.0234375,165.5030059814453,479.4355163574219,256.9132080078125,453.3183288574219,158.9737091064453,459.8476257324219,322.2062072753906,394.55462646484375,119.79790496826172,459.8476257324219,407.0871276855469,355.3788146972656,47.97560119628906,309.6737060546875,276.5011291503906,296.6151123046875,204.67881774902344,205.20489501953125,296.0890197753906,192.14630126953125,237.3253173828125,100.73609161376952,296.0890197753906,94.206787109375,256.9132080078125,0
505.7013244628906,186.88800048828125,518.7569580078125,193.41580200195312,512.2291259765625,173.83238220214844,518.7569580078125,212.99920654296875,499.1735229492188,167.30458068847656,479.5901184082031,258.69384765625,453.4788818359375,160.7767791748047,460.0067138671875,323.97186279296875,401.2564697265625,121.60995483398438,466.5345153808594,408.8333129882813,368.617431640625,62.85972213745117,309.8672180175781,271.7494506835937,296.81158447265625,199.943603515625,205.4223480224609,291.3328552246094,192.36672973632807,232.58262634277344,100.97747802734376,304.3884582519531,94.44967651367188,258.69384765625,0
512.2918090820312,230.5433807373047,518.8792724609375,237.130859375,518.8792724609375,223.9558868408203,525.4667358398438,256.893310546875,518.8792724609375,210.7809295654297,472.7668762207031,283.2432556152344,466.1794128417969,184.4309844970703,400.3045654296875,309.5931701660156,393.7170715332031,171.2560272216797,327.8422546386719,309.5931701660156,341.0172119140625,197.60595703125,314.6672668457031,276.65576171875,314.6672668457031,204.1934356689453,215.8550262451172,276.65576171875,209.2675323486328,210.7809295654297,117.04276275634766,276.65576171875,110.45528411865234,230.5433807373047,0
515.9024047851562,255.31065368652344,529.0393676757812,261.879150390625,522.4708862304688,242.1736602783203,522.4708862304688,275.0161437988281,515.9024047851562,229.0366668701172,476.4913940429688,294.7216491699219,456.7859191894531,189.62567138671875,483.0599060058594,353.838134765625,371.3954162597656,183.0571746826172,496.1968994140625,399.817626953125,325.4159240722656,183.0571746826172,318.847412109375,294.7216491699219,318.847412109375,215.8996734619141,207.1829376220703,301.2901611328125,207.1829376220703,235.60516357421875,95.51844787597656,307.858642578125,102.08694458007812,242.1736602783203,0
532.8875732421875,251.58248901367188,539.4825439453125,264.77252197265625,532.8875732421875,238.3924560546875,539.4825439453125,271.3675231933594,519.697509765625,231.79742431640625,480.1274108886719,271.3675231933594,486.7224426269531,244.98745727539065,513.1024780273438,284.5575561523437,519.697509765625,284.5575561523437,559.2676391601562,337.31768798828125,559.2676391601562,337.31768798828125,328.4420471191406,284.5575561523437,328.4420471191406,231.79742431640625,222.9217834472656,297.7475891113281,216.3267517089844,258.177490234375,117.4015121459961,277.9625549316406,110.8064956665039,251.58248901367188,0
486.33734130859375,113.97335052490234,492.5888977050781,120.22489166259766,492.5888977050781,113.97335052490234,492.5888977050781,120.22489166259766,505.0919799804688,151.4826202392578,448.8280944824219,120.22489166259766,461.3311767578125,182.74034118652344,405.0672912597656,57.709449768066406,405.0672912597656,63.96099472045898,367.5580139160156,7.697094917297363,373.8095703125,7.697094917297363,305.0425720214844,188.99188232421875,323.7972106933594,251.50732421875,217.5209503173828,182.74034118652344,211.2694091796875,201.49496459960935,117.4962387084961,220.2496032714844,123.74778747558594,207.7465057373047,0
499.2734069824219,265.1444702148437,505.4708251953125,277.53924560546875,511.668212890625,265.1444702148437,511.668212890625,289.9340515136719,499.2734069824219,252.7496795654297,468.2864379882813,302.3288269042969,455.89166259765625,196.97311401367188,493.0760192871094,320.9210205078125,387.7203063964844,172.18353271484375,524.06298828125,407.6845703125,338.1411437988281,178.3809356689453,325.746337890625,283.7366638183594,331.9437561035156,252.7496795654297,226.5880279541016,302.3288269042969,220.390625,252.7496795654297,121.2322998046875,296.1314392089844,121.2322998046875,258.94708251953125,0
499.5169677734375,304.713623046875,512.0557250976562,310.9830017089844,505.7863464355469,304.713623046875,512.0557250976562,285.905517578125,505.7863464355469,285.905517578125,474.4394836425781,310.9830017089844,455.63134765625,191.8649139404297,518.3250732421875,361.1379699707031,367.8601379394531,179.326171875,549.6719360351562,436.3704528808594,305.1664123535156,185.5955352783203,330.243896484375,298.4442443847656,323.9745178222656,229.4811553955078,229.93392944335935,310.9830017089844,217.3951873779297,229.4811553955078,123.35459899902344,304.713623046875,123.35459899902344,260.8280029296875,0
504.3286437988281,210.41848754882807,517.2644653320312,223.35433959960935,517.2644653320312,203.95057678222656,517.2644653320312,242.75808715820312,510.7965698242188,191.0147399902344,465.5211486816406,268.6297607421875,471.9890441894531,158.67514038085938,381.4381713867188,294.5014343261719,439.6494445800781,100.46385955810548,394.3740234375,203.95057678222656,420.2456970214844,106.93177795410156,316.75897216796875,255.6939239501953,316.75897216796875,184.54681396484372,213.2722625732422,255.6939239501953,213.2722625732422,178.07888793945312,122.72139739990234,255.6939239501953,129.18931579589844,216.88641357421875,0
488.3341064453125,324.9873046875,494.2054443359375,330.858642578125,500.0767822265625,319.115966796875,500.0767822265625,354.3440246582031,505.9481506347656,307.3732604980469,458.9773559570313,383.7007751464844,464.8487243652344,266.2738342285156,394.3925476074219,407.1861572265625,388.5212097167969,248.6598052978516,388.5212097167969,342.6013488769531,376.7785339355469,283.88787841796875,323.9364013671875,307.3732604980469,329.8077392578125,260.4024963378906,247.60890197753903,348.4726867675781,229.994873046875,283.88787841796875,136.05332946777344,330.858642578125,136.05332946777344,307.3732604980469,0
512.174560546875,260.1199951171875,524.6107788085938,272.5561828613281,524.6107788085938,253.9019012451172,524.6107788085938,284.99237060546875,524.6107788085938,235.24761962890625,487.3022155761719,309.86474609375,487.3022155761719,197.93907165527344,499.7384033203125,365.82757568359375,456.2117309570313,148.19432067871094,481.0841064453125,347.1733093261719,431.3393859863281,79.79530334472656,344.2860717773437,284.99237060546875,350.5041809082031,216.5933532714844,269.6689758300781,334.73712158203125,244.79660034179688,253.9019012451172,176.3975830078125,322.3009338378906,132.8709259033203,272.5561828613281,0
515.16796875,235.5284423828125,521.7896118164062,242.1500701904297,521.7896118164062,222.2852020263672,521.7896118164062,255.39329528808597,521.7896118164062,209.0419769287109,468.816650390625,281.8797912597656,475.4382934570313,182.5554962158203,395.9788513183594,295.1230163574219,409.22210693359375,162.69064331054688,356.2491455078125,255.39329528808597,356.2491455078125,209.0419769287109,316.5194396972656,262.0149230957031,316.5194396972656,202.42034912109372,210.5735321044922,262.0149230957031,203.951904296875,215.66358947753903,111.2492446899414,262.0149230957031,111.2492446899414,228.9068298339844,0
516.0963745117188,236.35406494140625,522.69482421875,242.9525604248047,522.69482421875,223.15708923339844,522.69482421875,256.1495361328125,522.69482421875,209.96011352539065,469.9069213867188,282.54351806640625,476.5054321289063,183.56614685058597,397.3235473632813,295.740478515625,417.1190185546875,163.7706756591797,357.73260498046875,249.55105590820312,483.1039123535156,190.1646423339844,318.14166259765625,262.748046875,324.7401428222656,196.76312255859372,212.56581115722656,262.748046875,205.96731567382807,216.55859375,113.58844757080078,262.748046875,113.58844757080078,229.75558471679688,0
511.2453002929688,223.9654083251953,517.6533813476562,223.9654083251953,511.2453002929688,223.9654083251953,517.6533813476562,223.9654083251953,511.2453002929688,256.00592041015625,479.2047729492188,185.51678466796875,459.98046875,275.230224609375,402.30755615234375,166.29248046875,395.8994445800781,300.8626403808594,447.1642761230469,179.1086883544922,344.6346130371094,300.8626403808594,319.002197265625,217.5572967529297,325.4103088378906,275.230224609375,216.4725646972656,185.51678466796875,229.2887725830078,275.230224609375,133.167236328125,249.59780883789065,133.167236328125,268.8221130371094,0
493.9041442871094,234.17161560058597,500.1388549804688,240.4062957763672,500.1388549804688,221.7022399902344,506.37353515625,259.1103515625,500.1388549804688,221.7022399902344,462.7307434082031,290.28375244140625,468.9654235839844,196.76351928710935,381.6798706054688,296.5184326171875,412.853271484375,171.8247833251953,344.2717590332031,277.8143920898437,462.7307434082031,184.2941436767578,319.3330383300781,271.5797119140625,319.3330383300781,215.46755981445312,213.3434295654297,246.64097595214844,213.3434295654297,202.99819946289065,126.05787658691406,265.34503173828125,113.58851623535156,221.7022399902344,0
503.4285888671875,236.7518768310547,516.1926879882812,236.7518768310547,509.8106384277344,223.9877777099609,516.1926879882812,223.9877777099609,516.1926879882812,211.22369384765625,477.900390625,217.6057281494141,465.1363220214844,192.0775451660156,445.99017333984375,275.0441589355469,445.99017333984375,281.4262084960937,497.0465393066406,262.2800598144531,497.0465393066406,262.2800598144531,318.3492126464844,249.51597595214844,311.9671936035156,211.22369384765625,216.23648071289065,275.0441589355469,216.23648071289065,236.7518768310547,120.50576782226562,243.1339263916016,114.12371826171876,230.3698272705078,0
505.1625671386719,239.7222900390625,511.7543640136719,246.3140869140625,518.34619140625,239.7222900390625,518.34619140625,259.4976806640625,518.34619140625,259.4976806640625,485.3871765136719,279.2730712890625,491.9789733886719,285.8648681640625,399.6938171386719,200.1715087890625,406.2856140136719,200.1715087890625,491.9789733886719,219.9468994140625,320.5922241210937,200.1715087890625,333.7758178710937,219.9468994140625,340.3676147460937,252.9058837890625,208.5316619873047,259.4976806640625,221.7152557373047,246.3140869140625,109.6546859741211,239.7222900390625,109.6546859741211,226.5386962890625,0
512.207763671875,237.3121032714844,518.611083984375,237.3121032714844,518.611083984375,224.5054626464844,525.014404296875,237.3121032714844,518.611083984375,205.2955017089844,467.3845520019531,237.3121032714844,454.5779113769531,186.08555603027344,448.1745910644531,269.3287048339844,377.7380981445313,186.08555603027344,492.9978332519531,250.1187438964844,320.10821533203125,230.9087829589844,332.91485595703125,243.7154235839844,320.10821533203125,211.6988220214844,236.8650665283203,269.3287048339844,230.4617462158203,262.9253845214844,147.21859741210938,230.9087829589844,128.00863647460938,237.3121032714844,0
521.0203247070312,216.04856872558597,527.5841674804688,229.1762542724609,527.5841674804688,209.48472595214844,521.0203247070312,248.86778259277344,521.0203247070312,202.9208831787109,475.0734558105469,275.1231384277344,468.5096130371094,183.2293701171875,422.5627136230469,294.8146667480469,402.8711853027344,163.537841796875,389.7435302734375,255.4316253662109,383.1796875,216.04856872558597,324.1051025390625,268.5592956542969,324.1051025390625,202.9208831787109,219.0836334228516,275.1231384277344,219.0836334228516,216.04856872558597,120.62601470947266,281.6869812011719,120.62601470947266,235.74009704589844,0
491.951171875,179.92095947265625,504.4926452636719,179.92095947265625,498.2218933105469,167.37948608398438,517.0341186523438,192.46241760253903,491.951171875,161.10874938964844,485.6804504394531,242.62831115722656,448.0560302734375,167.37948608398438,460.5975036621094,311.6063842773437,372.8071899414063,167.37948608398438,466.86822509765625,267.71124267578125,303.8291015625,186.19168090820312,322.6413269042969,273.98199462890625,310.099853515625,211.27462768554688,222.3095550537109,311.6063842773437,209.76808166503903,242.62831115722656,128.24851989746094,336.6893310546875,128.24851989746094,292.794189453125,0
486.12890625,183.09873962402344,504.6923522949219,183.09873962402344,492.3167114257813,170.7230987548828,517.0679931640625,195.474365234375,492.3167114257813,164.5352783203125,486.12890625,257.3525390625,449.00201416015625,164.5352783203125,436.6263732910156,306.8550720214844,387.1238403320313,121.22056579589844,436.6263732910156,257.3525390625,436.6263732910156,84.09367370605469,331.4335021972656,288.2915954589844,306.6822204589844,220.2256317138672,238.61624145507807,319.2306823730469,207.6771545410156,232.60125732421875,164.36244201660156,368.7332153320313,114.8599090576172,294.4794311523437,0
468.9593200683594,149.26626586914062,485.4683837890625,143.7632293701172,463.456298828125,138.2602081298828,496.4744262695313,154.769287109375,452.4502258300781,132.75718688964844,479.9653625488281,220.8055725097656,413.9290771484375,149.26626586914062,446.94720458984375,286.84185791015625,347.89276123046875,165.77532958984375,397.41998291015625,259.3267517089844,331.3836975097656,220.8055725097656,358.8988342285156,281.3388366699219,320.3776550292969,237.3146514892578,248.8383331298828,319.8600158691406,204.8141326904297,275.8358154296875,171.79598999023438,396.90234375,133.2748260498047,352.8781433105469,0
474.8855895996094,149.47950744628906,485.9069213867188,143.96884155273438,469.37493896484375,138.45819091796875,496.92822265625,154.9901580810547,452.8429870605469,132.94754028320312,474.8855895996094,221.11801147460935,414.2684020996094,149.47950744628906,447.3323364257813,281.7351989746094,348.1405639648437,166.01145935058594,392.2257995605469,254.1819305419922,331.60858154296875,221.11801147460935,353.6512145996094,281.7351989746094,320.5872802734375,237.6499786376953,243.4381103515625,320.3097839355469,204.8635406494141,276.2245483398437,171.7996063232422,397.4589538574219,133.2250213623047,353.37371826171875,0
468.0735778808594,150.98167419433594,484.5711059570313,145.48248291015625,468.0735778808594,139.98330688476562,495.5694885253906,156.48085021972656,451.5760192871094,128.9849395751953,479.0719299316406,222.47103881835935,413.0817565917969,150.98167419433594,446.0768432617188,282.9620361328125,347.091552734375,167.47921752929688,391.08502197265625,255.4661407470703,330.5940246582031,222.47103881835935,369.0882873535156,288.46124267578125,325.0948181152344,249.96694946289065,248.1062774658203,321.4563293457031,204.11282348632807,277.4628601074219,171.1177215576172,398.4448852539063,132.62344360351562,354.451416015625,0
